distribution,algorithm,n,mean_ms,std_ms,cv_pct,min_ms,max_ms,speedup_vs_bruteforce
Lattice,BruteForce,4096,90.67817533333334,6.642977882838403,7.325883938906787,80.65433,108.191251,1.0
Lattice,GroupAggregate,4096,41.90145233333333,5.628288508066747,13.432203884707228,36.255116,63.405568,2.1640819180197552
Lattice,BruteForce,8000,302.335167,0.6473808345309684,0.2141268714965495,300.542746,303.403622,1.0
Lattice,GroupAggregate,8000,77.68258733333333,5.501392587122669,7.081886399478921,72.799303,96.910744,3.891929676629978
Lattice,BruteForce,10648,539.506753,1.3575241883644598,0.25162320597763854,529.021589,543.541961,1.0
Lattice,GroupAggregate,10648,98.53252466666667,0.26195691028911944,0.2658583154905589,97.928339,98.888264,5.4754179376316525
Plummer,BruteForce,4096,83.54259966666667,2.0521944301130173,2.4564646519275586,80.457997,87.899462,1.0
Plummer,GroupAggregate,4096,309.87743166666667,46.21962872832602,14.91545495253885,272.169944,441.019223,0.26959885144695844
