distribution,algorithm,n,mean_ms,std_ms,cv_pct,min_ms,max_ms,speedup_vs_bruteforce
Lattice,BruteForce,4096,165.98271566666665,19.30189268113872,11.628857019005267,136.404164,265.68583,1.0
Lattice,GroupAggregate,4096,92.73134266666666,16.780440250887867,18.095758961678218,54.516139,131.977921,1.789931115990743
Lattice,BruteForce,8000,316.90453299999996,2.7880848498818374,0.879786989314488,314.108853,483.729497,1.0
Lattice,GroupAggregate,8000,97.54769033333332,3.474895039398297,3.5622525018522966,74.642586,112.667363,3.2487138538810645
Lattice,BruteForce,10648,592.2029596666666,36.20350914851729,6.113361738160709,554.960144,647.823439,1.0
Lattice,GroupAggregate,10648,103.738217,0.5540117784710579,0.5340479087577318,100.964288,109.865126,5.708628669284596
Plummer,BruteForce,4096,102.165187,23.533285024445405,23.03454407071697,83.423021,176.007528,1.0
Plummer,GroupAggregate,4096,290.4848773333333,9.401468114888242,3.2364742017533654,281.382927,334.679948,0.35170569958023934
